name1,name2,gender,age,language,occupation
Adolpho,Pendrich,Female,21,Norwegian,
Lief,Ughi,Female,22,Portuguese,Recruiting Manager
Alvy,Malatalant,Male,24,Malayalam,VP Accounting
Syd,Daniels,Female,28,Moldovan,Staff Scientist
Roselin,Girkins,Female,35,Amharic,Financial Analyst
Pamella,Pablos,Male,33,Georgian,Research Assistant
Harmon,Sandercock,Male,23,English,Marketing Manager
Louis,Waterland,Female,21,Telugu,Computer Systems Analyst
Yehudit,Oxenden,Male,35,Spanish,Speech Pathologist
Karrie,Thomsen,Male,18,Tetum,Statistician
Marven,Burchnall,Female,18,English,Executive Secretary
Nerta,Kensley,Male,19,Bosnian,Nurse
Piper,Yarnold,Male,21,Nepali,
Valene,Foresight,Female,20,Kazakh,Accounting Assistant
Mallorie,Kelledy,Male,30,German,Legal Assistant
Jase,Devonside,Female,29,Dutch,
Zora,Jarmyn,Female,26,Danish,Recruiting Manager
Sadye,Millott,Female,33,Māori,Web Developer
Dorice,Glidder,Male,21,English,Internal Auditor
Kelsy,Sacase,Male,23,Icelandic,Senior Financial Analyst
Lindi,Gouly,Male,28,Kannada,Software Engineer
Prisca,Canning,Male,32,Fijian,VP Product Management
Tadio,Renn,Male,24,Czech,Internal Auditor
Nara,Devo,Female,27,Guaraní,Chemical Engineer
Hillyer,Drought,Male,23,Finnish,Speech Pathologist
Germayne,Shillaker,Female,19,Kazakh,VP Product Management
Hollie,Buckthorp,Male,22,Norwegian,Programmer
Shirley,Orhtmann,Male,23,Korean,Paralegal
Lilla,Shippam,Male,29,Burmese,Statistician
Roi,Tarbatt,Male,21,Croatian,Recruiter
Trudey,Prothero,Female,19,Aymara,Food Chemist
Emmalynn,Aspinal,Male,32,Lithuanian,Social Worker
Cyndy,Amy,Male,31,Croatian,GIS Technical Architect
Karlie,McCalum,Male,24,Kurdish,Help Desk Technician
Jedd,Renison,Male,34,Assamese,Nurse Practicioner
Arlette,Chmarny,Male,34,Papiamento,Senior Financial Analyst
Lesley,Mycroft,Male,27,Filipino,Social Worker
Agnella,Whight,Male,21,Latvian,Office Assistant
Pansie,Lindstedt,Male,21,English,Financial Analyst
Marjorie,Brehault,Female,26,Ndebele,Executive Secretary
Fredericka,Penley,Male,18,Amharic,Chemical Engineer
Sayres,Greste,Female,33,Portuguese,Research Associate
Jillie,Eskrick,Female,29,Zulu,VP Accounting
Skylar,Fayerman,Male,25,English,Automation Specialist
Amalia,Chappelow,Male,24,Swati,Environmental Tech
Reeta,Maisey,Female,33,Tok Pisin,Chief Design Engineer
Clair,Skipsey,Female,25,Croatian,Administrative Assistant
Leroy,Abramovicz,Male,19,Kazakh,
Myrlene,Cristoforetti,Male,25,Tajik,Physical Therapy Assistant
Abbot,Epgrave,Male,33,Azeri,Dental Hygienist
